{
  "R": 124.52861591975469,
  "G": 116.00556355446601,
  "B": 106.26788011551756
}